Comment,Designator,Footprint,LCSC Part #
100nF,"C1,C2",C_0805_2012Metric_Pad1.18x1.45mm_HandSolder,C49678
10uF,"C3,C4,C5",C_1206_3216Metric,C89632
22uF,C6,C_0805_2012Metric_Pad1.18x1.45mm_HandSolder,C45783
SS54,D1,SMA_L4.4-W2.8-LS5.4-R-RD,C22452
1.5A,F1,F1812,C22392774
R-RJ45R08P-A004,J1,RJ45-TH_R-RJ45R08P-A004,C385834
2x20 socket for Pi,J3,PiSocket_2x20_bottom,C5124634
terminal 2P 5.0mm,J4,CONN-TH_P5.00_KF301-5.0-2P,C474881
10k,R1,R_0603_1608Metric,C25804
AM26C31IDR,U2,SOIC-16_L9.9-W3.9-P1.27-LS6.0-BL,C34923
AT24C256C-SSHL-T,U3,SOIC-8_L4.9-W3.9-P1.27-LS6.0-BL,C6482
K7805-2000R3,U4,PWRM-TH_K78XX-2000R3,C18212380
