Designator,Mid X,Mid Y,Layer,Rotation
C1,86.000,60.500,Top,0.0
C10,73.000,44.600,Top,0.0
C11,104.000,50.000,Top,0.0
C12,121.000,47.000,Top,0.0
C13,117.000,44.100,Top,0.0
C14,122.500,44.100,Top,0.0
C2,100.000,58.000,Top,0.0
C3,118.000,62.500,Top,0.0
C4,118.000,58.000,Top,0.0
C5,124.000,60.000,Top,0.0
C6,41.500,84.450,Top,0.0
C7,60.000,104.000,Top,0.0
C8,28.000,30.000,Top,0.0
C9,62.000,88.000,Top,0.0
D1,110.500,76.500,Top,0.0
D2,70.000,60.500,Top,0.0
D3,20.000,71.500,Top,0.0
D4,44.000,72.000,Top,0.0
D5,20.000,60.000,Top,0.0
D6,16.000,92.000,Top,0.0
D7,46.000,58.000,Top,0.0
D8,29.000,53.000,Top,0.0
F0,100.000,97.000,Top,0.0
F1,15.000,114.000,Top,180.0
F10,15.000,16.000,Top,0.0
F11,35.000,16.000,Top,0.0
F12,55.000,16.000,Top,0.0
F13,45.000,53.000,Top,0.0
F14,112.000,42.000,Top,0.0
F2,35.000,114.000,Top,180.0
F3,55.000,114.000,Top,180.0
F4,75.000,114.000,Top,180.0
F5,95.000,114.000,Top,180.0
F6,115.000,114.000,Top,180.0
F7,75.000,16.000,Top,0.0
F8,95.000,16.000,Top,0.0
F9,115.000,16.000,Top,0.0
J1,152.400,81.000,Top,90.0
J10,115.000,4.500,Top,0.0
J11,15.000,4.500,Top,0.0
J12,35.000,4.500,Top,0.0
J13,55.000,4.500,Top,0.0
J14,8.360,80.000,Top,-90.0
J15,105.000,106.000,Top,0.0
J16,7.000,58.000,Top,-90.0
J17,132.770,32.500,Top,-90.0
J2,15.000,125.500,Top,180.0
J3,35.000,125.500,Top,180.0
J4,55.000,125.500,Top,180.0
J5,75.000,125.500,Top,180.0
J6,95.000,125.500,Top,180.0
J7,115.000,125.500,Top,180.0
J8,75.000,4.500,Top,0.0
J9,95.000,4.500,Top,0.0
JP1,126.000,54.000,Top,0.0
LED1,10.000,99.000,Top,0.0
LED2,21.000,99.000,Top,0.0
LED3,32.000,99.000,Top,0.0
LED4,43.000,99.000,Top,0.0
LED5,54.000,99.000,Top,0.0
LED6,58.000,92.000,Top,0.0
LED7,101.000,84.500,Top,0.0
LF1,15.000,108.500,Top,0.0
LF10,15.000,21.500,Top,180.0
LF11,35.000,21.500,Top,180.0
LF12,55.000,21.500,Top,180.0
LF2,35.000,108.500,Top,0.0
LF3,55.000,108.500,Top,0.0
LF4,75.000,108.500,Top,0.0
LF5,95.000,108.500,Top,0.0
LF6,115.000,108.500,Top,0.0
LF7,75.000,21.500,Top,180.0
LF8,95.000,21.500,Top,180.0
LF9,115.000,21.500,Top,180.0
Q1,68.000,74.000,Top,-90.0
Q2,76.000,74.000,Top,-90.0
Q3,84.000,74.000,Top,-90.0
Q4,92.000,74.000,Top,-90.0
Q5,23.000,53.000,Top,0.0
R1,99.000,76.500,Top,0.0
R2,105.000,76.500,Top,0.0
R27,93.000,60.500,Top,0.0
R28,101.000,80.500,Top,0.0
R29,76.000,100.000,Top,0.0
R3,100.000,61.500,Top,0.0
R30,76.000,94.000,Top,0.0
R31,82.000,94.000,Top,0.0
R32,88.000,94.000,Top,0.0
R33,76.000,88.000,Top,0.0
R34,54.000,96.000,Top,0.0
R35,58.000,96.000,Top,0.0
R36,52.000,92.000,Top,0.0
R37,82.000,88.000,Top,0.0
R39,99.000,102.000,Top,0.0
R40,111.000,102.000,Top,0.0
R41,84.000,30.000,Top,0.0
R42,92.000,30.000,Top,0.0
R43,84.000,54.000,Top,0.0
R44,92.000,54.000,Top,0.0
R45,14.000,35.000,Top,0.0
RB1,34.000,71.500,Top,0.0
RB2,39.000,71.500,Top,0.0
RB3,54.000,75.000,Top,0.0
RB4,58.000,75.000,Top,0.0
RB5,35.000,60.000,Top,0.0
RB6,40.000,60.000,Top,0.0
RB7,31.000,92.000,Top,0.0
RB8,36.000,92.000,Top,0.0
RF1,15.000,105.500,Top,0.0
RF10,15.000,24.500,Top,180.0
RF11,35.000,24.500,Top,180.0
RF12,55.000,24.500,Top,180.0
RF2,35.000,105.500,Top,0.0
RF3,55.000,105.500,Top,0.0
RF4,75.000,105.500,Top,0.0
RF5,95.000,105.500,Top,0.0
RF6,115.000,105.500,Top,0.0
RF7,75.000,24.500,Top,180.0
RF8,95.000,24.500,Top,180.0
RF9,115.000,24.500,Top,180.0
RL1,15.000,99.000,Top,180.0
RL2,26.000,99.000,Top,180.0
RL3,37.000,99.000,Top,180.0
RL4,48.000,99.000,Top,180.0
RL5,59.000,99.000,Top,180.0
RS1,28.000,79.370,Top,180.0
RS2,52.000,78.100,Top,0.0
RS3,52.000,80.630,Top,0.0
RS4,28.000,81.900,Top,180.0
RS5,68.000,30.000,Top,0.0
RS6,76.000,30.000,Top,0.0
RS7,68.000,54.000,Top,0.0
RS8,76.000,54.000,Top,0.0
RT1,27.000,71.500,Top,0.0
RT2,52.000,72.000,Top,0.0
RT3,28.000,60.000,Top,0.0
RT4,24.000,92.000,Top,0.0
RT5,82.000,100.000,Top,0.0
SW1,6.000,35.000,Top,90.0
U1,36.000,80.000,Top,-90.0
U3,110.000,60.000,Top,180.0
U4,68.000,104.000,Top,90.0
U5,20.000,30.000,Top,0.0
U6,68.000,92.000,Top,90.0
U7,121.000,40.000,Top,0.0
U8,104.000,42.000,Top,0.0
U9,80.000,42.000,Top,0.0
